Trait,SNP,Chr,Pos,P.value,MAF,Effect,Gene,Distance
PLACL,BS00097263_51,Chr2A,215017189,1.800058e-6,0.1618636,10.7382414438036,NA,NA
PLACL,tplb0044i19_1180,Chr7B,285315715,3.105427e-10,0.4552239,-19.1198299144819,TraesCS7B02G182700,39072
