Trait,SNP,Chr,Pos,P.value,MAF,Gene,Distance,Effect
PLACL,IWB11991,Chr2A,215017189,1.800058e-6,0.1618636,NA,NA,10.7382414438036
PLACL,IWB74799,Chr7B,285315715,3.105427e-10,0.4552239,TraesCS7B02G182700,39072,-19.1198299144819
