Mix,Trait,SNP,Chr,Pos,MAF,P.value,Effect
mix1,PCm2Leaf,IWB45371,Chr1D,251994101,0.06185567,8.954492e-7,10.7005431568545
mix1,PCm2Leaf,IWB69435,Chr2B,173072036,0.41494845,1.415022e-7,-9.457012790032
mix1,PCm2Leaf,IWB15209,Chr2D,476750339,0.20876289,3.382363e-8,6.39577591900959
mix1,PCm2Leaf,IWB68072,Chr6B,412780966,0.40206186,6.63777e-10,-11.6105711225203
mix2,PCm2Lesion,IWB2868,Chr1D,256969209,0.07345361,3.029172e-7,32.0429179511359
mix2,PCm2Lesion,IWB25763,Chr4A,386229406,0.08376289,1.088208e-9,25.7260330750058
mix3,PLACL,IWB44007,Chr1B,298435348,0.07731959,5.344669e-8,16.1918088233346
