Trait,SNP,Chr,Pos,P.value,MAF,Distance,Gene
pycnidiaPerCm2Leaf,X1_3699969,1,3699969,4.881871e-11,0.74,-298,Mycgr3G107385
pycnidiaPerCm2Leaf,X1_3699969,1,3699969,4.881871e-11,0.74,255,Mycgr3G107386
pycnidiaPerCm2Leaf,X2_761923,2,761923,4.039407e-8,0.1,-555,Mycgr3G67942
pycnidiaPerCm2Leaf,X2_761923,2,761923,4.039407e-8,0.1,1212,Mycgr3G37599
pycnidiaPerCm2Leaf,X8_2023297,8,2023297,6.858752e-8,0.26,0,Mycgr3G101090
pycnidiaPerCm2Leaf,X8_2023297,8,2023297,6.858752e-8,0.26,1667,Mycgr3G30347
pycnidiaPerCm2Leaf,X9_45020,9,45020,1.94219e-13,0.1,0,Mycgr3G47177
pycnidiaPerCm2Leaf,X9_45020,9,45020,1.94219e-13,0.1,-824,Mycgr3G30712
pycnidiaPerCm2Lesion,X9_45020,9,45020,1.13762e-7,0.1,0,Mycgr3G47177
pycnidiaPerCm2Lesion,X9_45020,9,45020,1.13762e-7,0.1,-824,Mycgr3G30712
